molecule,ref,b_mmff,b_uff,b_ani,b_ens,err_mmff,err_uff,err_ani,err_ens,w_mmff,w_uff,w_ani
ethane,2.9,3.3196019274690114,2.0703419179710814,4.165140094257367,3.130241693895968,0.4196019274690115,0.8296580820289186,1.2651400942573674,0.23024169389596816,0.5372565161481543,0.2771758567831703,0.18556762706867552
butane,4.5,19.270832896921796,2.0699232229046025,12.830546497250907,12.3973683302301,14.770832896921796,2.4300767770953975,8.330546497250907,7.897368330230099,0.48313588057598006,0.3294150713708509,0.18744904805316898
propanol,3.3,25.74905997895013,2.0095511713313865,18.393641657647095,6.01560653195571,22.449059978950128,1.2904488286686133,15.093641657647094,2.71560653195571,0.09128443666479132,0.7964720589359847,0.11224350439922393
dimethylether,2.7,3.2566032561120384,0.1909048428559057,3.4757375959015917,2.531756266643574,0.5566032561120382,2.5090951571440945,0.7757375959015915,0.16824373335642617,0.42568031315326715,0.2589782170088986,0.3153414698378342
methylformate,4.8,13.815550869809282,9.99999999996868,11.873043027328094,12.143263047548766,9.015550869809282,5.1999999999686795,7.073043027328095,7.343263047548766,0.4067781088244497,0.2775961455732694,0.31562574560228096
acetaldehyde,1.2,2.116422718621675,1.0132426852771161,1.2639045803371118,1.2835147758630803,0.9164227186216751,0.18675731472288382,0.06390458033711188,0.08351477586308031,0.0956006642094784,0.2469106518751179,0.6574886839154036
